{
 "ehragent": {
  "naive": {
   "EN": 10,
   "RN": 13,
   "EE": 0.08333333333333333,
   "CER": 0.2,
   "AER": 0.2,
   "curve": [
    0,
    3,
    5,
    6,
    8,
    9,
    10,
    10,
    10,
    10,
    10,
    10,
    10,
    10,
    10,
    10,
    10,
    10,
    10,
    10,
    10,
    10,
    10,
    10,
    10,
    10,
    10,
    10,
    10,
    10
   ]
  },
  "farpoint": {
   "EN": 19,
   "RN": 19,
   "EE": 0.15833333333333333,
   "CER": 0.23333333333333334,
   "AER": 0.23333333333333334,
   "curve": [
    4,
    8,
    11,
    14,
    17,
    18,
    18,
    18,
    18,
    18,
    18,
    18,
    19,
    19,
    19,
    19,
    19,
    19,
    19,
    19,
    19,
    19,
    19,
    19,
    19,
    19,
    19,
    19,
    19,
    19
   ]
  },
  "poison_naive": 0.8666666666666667,
  "poison_farpoint": 0.8333333333333334,
  "vfrac_naive": [
   4,
   3,
   2,
   1,
   2,
   2,
   1,
   0,
   0,
   1,
   0,
   0,
   0,
   0,
   0,
   0,
   0,
   0,
   0,
   0,
   0,
   0,
   0,
   0,
   0,
   0,
   0,
   0,
   0,
   0
  ],
  "vfrac_farpoint": [
   4,
   4,
   4,
   3,
   3,
   1,
   0,
   0,
   0,
   0,
   0,
   0,
   1,
   0,
   0,
   0,
   0,
   0,
   0,
   0,
   0,
   0,
   0,
   0,
   0,
   0,
   0,
   0,
   0,
   0
  ]
 },
 "rap": {
  "naive": {
   "EN": 0,
   "RN": 5,
   "EE": 0.0,
   "CER": 0.0,
   "AER": 0.0,
   "curve": [
    0,
    0,
    0,
    0,
    0,
    0,
    0,
    0,
    0,
    0,
    0,
    0,
    0,
    0,
    0,
    0,
    0,
    0,
    0,
    0,
    0,
    0,
    0,
    0,
    0,
    0,
    0,
    0,
    0,
    0
   ],
   "EN_sem": 3,
   "AER_sem": 0.03333333333333333,
   "curve_sem": [
    3,
    3,
    3,
    3,
    3,
    3,
    3,
    3,
    3,
    3,
    3,
    3,
    3,
    3,
    3,
    3,
    3,
    3,
    3,
    3,
    3,
    3,
    3,
    3,
    3,
    3,
    3,
    3,
    3,
    3
   ]
  },
  "farpoint": {
   "EN": 1,
   "RN": 6,
   "EE": 0.011111111111111112,
   "CER": 0.03333333333333333,
   "AER": 0.03333333333333333,
   "curve": [
    0,
    0,
    1,
    1,
    1,
    1,
    1,
    1,
    1,
    1,
    1,
    1,
    1,
    1,
    1,
    1,
    1,
    1,
    1,
    1,
    1,
    1,
    1,
    1,
    1,
    1,
    1,
    1,
    1,
    1
   ],
   "EN_sem": 6,
   "AER_sem": 0.1,
   "curve_sem": [
    3,
    5,
    6,
    6,
    6,
    6,
    6,
    6,
    6,
    6,
    6,
    6,
    6,
    6,
    6,
    6,
    6,
    6,
    6,
    6,
    6,
    6,
    6,
    6,
    6,
    6,
    6,
    6,
    6,
    6
   ]
  },
  "poison_naive": 0.9333333333333333,
  "poison_farpoint": 0.9333333333333333,
  "vfrac_naive": [
   3,
   2,
   1,
   0,
   0,
   0,
   0,
   0,
   0,
   0,
   0,
   0,
   0,
   0,
   0,
   0,
   0,
   0,
   0,
   0,
   0,
   0,
   0,
   0,
   0,
   0,
   0,
   0,
   0,
   0
  ],
  "vfrac_farpoint": [
   3,
   2,
   1,
   0,
   0,
   0,
   0,
   0,
   0,
   0,
   0,
   0,
   0,
   0,
   0,
   0,
   0,
   0,
   0,
   0,
   0,
   0,
   0,
   0,
   0,
   0,
   0,
   0,
   0,
   0
  ]
 }
}