{
 "ehragent": {
  "farplain": {
   "EN": 18,
   "RN": 19,
   "EE": 0.15,
   "CER": 0.2,
   "AER": 0.2,
   "curve": [
    4,
    8,
    11,
    14,
    17,
    17,
    17,
    17,
    17,
    17,
    17,
    18,
    18,
    18,
    18,
    18,
    18,
    18,
    18,
    18,
    18,
    18,
    18,
    18,
    18,
    18,
    18,
    18,
    18,
    18
   ]
  },
  "bootstrap": {
   "EN": 23,
   "RN": 24,
   "EE": 0.19166666666666668,
   "CER": 0.36666666666666664,
   "AER": 0.36666666666666664,
   "curve": [
    4,
    8,
    11,
    14,
    17,
    20,
    21,
    23,
    23,
    23,
    23,
    23,
    23,
    23,
    23,
    23,
    23,
    23,
    23,
    23,
    23,
    23,
    23,
    23,
    23,
    23,
    23,
    23,
    23,
    23
   ]
  },
  "poison": {
   "farplain": 0.8333333333333334,
   "bootstrap": 0.6916666666666667
  },
  "vfrac": {
   "farplain": [
    4,
    4,
    4,
    3,
    3,
    1,
    0,
    0,
    0,
    0,
    0,
    1,
    0,
    0,
    0,
    0,
    0,
    0,
    0,
    0,
    0,
    0,
    0,
    0,
    0,
    0,
    0,
    0,
    0,
    0
   ],
   "bootstrap": [
    4,
    4,
    4,
    3,
    3,
    4,
    2,
    3,
    3,
    2,
    0,
    1,
    1,
    0,
    0,
    1,
    0,
    0,
    0,
    0,
    0,
    1,
    0,
    1,
    0,
    0,
    0,
    0,
    0,
    0
   ]
  },
  "modes": [
   "cold",
   "cold",
   "cold",
   "cold",
   "cold",
   "boot",
   "boot",
   "boot",
   "boot",
   "boot",
   "boot",
   "boot",
   "boot",
   "boot",
   "boot",
   "boot",
   "boot",
   "boot",
   "boot",
   "boot",
   "boot",
   "boot",
   "boot",
   "boot",
   "boot",
   "boot",
   "boot",
   "boot",
   "boot",
   "boot"
  ]
 },
 "rap": {
  "farplain": {
   "EN": 1,
   "RN": 6,
   "EE": 0.011111111111111112,
   "CER": 0.03333333333333333,
   "AER": 0.03333333333333333,
   "curve": [
    0,
    0,
    1,
    1,
    1,
    1,
    1,
    1,
    1,
    1,
    1,
    1,
    1,
    1,
    1,
    1,
    1,
    1,
    1,
    1,
    1,
    1,
    1,
    1,
    1,
    1,
    1,
    1,
    1,
    1
   ],
   "EN_sem": 6,
   "AER_sem": 0.1,
   "curve_sem": [
    3,
    5,
    6,
    6,
    6,
    6,
    6,
    6,
    6,
    6,
    6,
    6,
    6,
    6,
    6,
    6,
    6,
    6,
    6,
    6,
    6,
    6,
    6,
    6,
    6,
    6,
    6,
    6,
    6,
    6
   ]
  },
  "bootstrap": {
   "EN": 6,
   "RN": 6,
   "EE": 0.06666666666666667,
   "CER": 0.26666666666666666,
   "AER": 0.26666666666666666,
   "curve": [
    0,
    2,
    3,
    3,
    3,
    3,
    4,
    4,
    5,
    5,
    6,
    6,
    6,
    6,
    6,
    6,
    6,
    6,
    6,
    6,
    6,
    6,
    6,
    6,
    6,
    6,
    6,
    6,
    6,
    6
   ],
   "EN_sem": 6,
   "AER_sem": 0.3,
   "curve_sem": [
    3,
    5,
    6,
    6,
    6,
    6,
    6,
    6,
    6,
    6,
    6,
    6,
    6,
    6,
    6,
    6,
    6,
    6,
    6,
    6,
    6,
    6,
    6,
    6,
    6,
    6,
    6,
    6,
    6,
    6
   ]
  },
  "poison": {
   "farplain": 0.9333333333333333,
   "bootstrap": 0.8666666666666667
  },
  "vfrac": {
   "farplain": [
    3,
    2,
    1,
    0,
    0,
    0,
    0,
    0,
    0,
    0,
    0,
    0,
    0,
    0,
    0,
    0,
    0,
    0,
    0,
    0,
    0,
    0,
    0,
    0,
    0,
    0,
    0,
    0,
    0,
    0
   ],
   "bootstrap": [
    3,
    2,
    1,
    0,
    0,
    1,
    1,
    1,
    1,
    1,
    1,
    0,
    0,
    0,
    0,
    0,
    0,
    0,
    0,
    0,
    0,
    0,
    0,
    0,
    0,
    0,
    0,
    0,
    0,
    0
   ]
  },
  "modes": [
   "cold",
   "cold",
   "cold",
   "cold",
   "cold",
   "boot",
   "boot",
   "boot",
   "boot",
   "boot",
   "boot",
   "boot",
   "boot",
   "boot",
   "boot",
   "boot",
   "boot",
   "boot",
   "boot",
   "boot",
   "boot",
   "boot",
   "boot",
   "boot",
   "boot",
   "boot",
   "boot",
   "boot",
   "boot",
   "boot"
  ]
 }
}