{
 "ehragent": {
  "naive": {
   "EN": 9,
   "RN": 13,
   "EE": 0.075,
   "CER": 0.16666666666666666,
   "AER": 0.16666666666666666,
   "curve": [
    0,
    3,
    5,
    6,
    8,
    8,
    9,
    9,
    9,
    9,
    9,
    9,
    9,
    9,
    9,
    9,
    9,
    9,
    9,
    9,
    9,
    9,
    9,
    9,
    9,
    9,
    9,
    9,
    9,
    9
   ]
  },
  "farplain": {
   "EN": 19,
   "RN": 19,
   "EE": 0.15833333333333333,
   "CER": 0.23333333333333334,
   "AER": 0.23333333333333334,
   "curve": [
    4,
    8,
    11,
    14,
    17,
    18,
    18,
    18,
    18,
    18,
    18,
    18,
    19,
    19,
    19,
    19,
    19,
    19,
    19,
    19,
    19,
    19,
    19,
    19,
    19,
    19,
    19,
    19,
    19,
    19
   ]
  },
  "farcamo": {
   "EN": 9,
   "RN": 13,
   "EE": 0.075,
   "CER": 0.16666666666666666,
   "AER": 0.2,
   "curve": [
    4,
    5,
    5,
    7,
    7,
    7,
    7,
    7,
    7,
    7,
    9,
    9,
    9,
    9,
    9,
    9,
    9,
    9,
    9,
    9,
    9,
    9,
    9,
    9,
    9,
    9,
    9,
    9,
    9,
    9
   ]
  },
  "poison": {
   "naive": 0.8666666666666667,
   "farplain": 0.8333333333333334,
   "farcamo": 0.8666666666666667
  },
  "vfrac": {
   "naive": [
    4,
    3,
    2,
    1,
    2,
    2,
    1,
    0,
    0,
    1,
    0,
    0,
    0,
    0,
    0,
    0,
    0,
    0,
    0,
    0,
    0,
    0,
    0,
    0,
    0,
    0,
    0,
    0,
    0,
    0
   ],
   "farplain": [
    4,
    4,
    4,
    3,
    3,
    1,
    0,
    0,
    0,
    0,
    0,
    0,
    1,
    0,
    0,
    0,
    0,
    0,
    0,
    0,
    0,
    0,
    0,
    0,
    0,
    0,
    0,
    0,
    0,
    0
   ],
   "farcamo": [
    4,
    3,
    2,
    3,
    1,
    0,
    0,
    0,
    0,
    0,
    2,
    0,
    0,
    0,
    0,
    0,
    0,
    1,
    0,
    0,
    0,
    0,
    0,
    0,
    0,
    0,
    0,
    0,
    0,
    0
   ]
  }
 },
 "rap": {
  "naive": {
   "EN": 0,
   "RN": 5,
   "EE": 0.0,
   "CER": 0.0,
   "AER": 0.0,
   "curve": [
    0,
    0,
    0,
    0,
    0,
    0,
    0,
    0,
    0,
    0,
    0,
    0,
    0,
    0,
    0,
    0,
    0,
    0,
    0,
    0,
    0,
    0,
    0,
    0,
    0,
    0,
    0,
    0,
    0,
    0
   ],
   "EN_sem": 3,
   "AER_sem": 0.03333333333333333,
   "curve_sem": [
    3,
    3,
    3,
    3,
    3,
    3,
    3,
    3,
    3,
    3,
    3,
    3,
    3,
    3,
    3,
    3,
    3,
    3,
    3,
    3,
    3,
    3,
    3,
    3,
    3,
    3,
    3,
    3,
    3,
    3
   ]
  },
  "farplain": {
   "EN": 1,
   "RN": 6,
   "EE": 0.011111111111111112,
   "CER": 0.03333333333333333,
   "AER": 0.03333333333333333,
   "curve": [
    0,
    0,
    1,
    1,
    1,
    1,
    1,
    1,
    1,
    1,
    1,
    1,
    1,
    1,
    1,
    1,
    1,
    1,
    1,
    1,
    1,
    1,
    1,
    1,
    1,
    1,
    1,
    1,
    1,
    1
   ],
   "EN_sem": 6,
   "AER_sem": 0.1,
   "curve_sem": [
    3,
    5,
    6,
    6,
    6,
    6,
    6,
    6,
    6,
    6,
    6,
    6,
    6,
    6,
    6,
    6,
    6,
    6,
    6,
    6,
    6,
    6,
    6,
    6,
    6,
    6,
    6,
    6,
    6,
    6
   ]
  },
  "farcamo": {
   "EN": 3,
   "RN": 5,
   "EE": 0.03333333333333333,
   "CER": 0.06666666666666667,
   "AER": 0.06666666666666667,
   "curve": [
    0,
    2,
    3,
    3,
    3,
    3,
    3,
    3,
    3,
    3,
    3,
    3,
    3,
    3,
    3,
    3,
    3,
    3,
    3,
    3,
    3,
    3,
    3,
    3,
    3,
    3,
    3,
    3,
    3,
    3
   ],
   "EN_sem": 5,
   "AER_sem": 0.1,
   "curve_sem": [
    3,
    4,
    5,
    5,
    5,
    5,
    5,
    5,
    5,
    5,
    5,
    5,
    5,
    5,
    5,
    5,
    5,
    5,
    5,
    5,
    5,
    5,
    5,
    5,
    5,
    5,
    5,
    5,
    5,
    5
   ]
  },
  "poison": {
   "naive": 0.9333333333333333,
   "farplain": 0.9333333333333333,
   "farcamo": 0.9333333333333333
  },
  "vfrac": {
   "naive": [
    3,
    2,
    1,
    0,
    0,
    0,
    0,
    0,
    0,
    0,
    0,
    0,
    0,
    0,
    0,
    0,
    0,
    0,
    0,
    0,
    0,
    0,
    0,
    0,
    0,
    0,
    0,
    0,
    0,
    0
   ],
   "farplain": [
    3,
    2,
    1,
    0,
    0,
    0,
    0,
    0,
    0,
    0,
    0,
    0,
    0,
    0,
    0,
    0,
    0,
    0,
    0,
    0,
    0,
    0,
    0,
    0,
    0,
    0,
    0,
    0,
    0,
    0
   ],
   "farcamo": [
    3,
    2,
    1,
    0,
    0,
    0,
    0,
    0,
    0,
    0,
    0,
    0,
    0,
    0,
    0,
    0,
    0,
    0,
    0,
    0,
    0,
    0,
    0,
    0,
    0,
    0,
    0,
    0,
    0,
    0
   ]
  }
 }
}