{
 "rap": {
  "farplain": {
   "EN": 3,
   "RN": 6,
   "EE": 0.05,
   "CER": 0.1,
   "AER": 0.1,
   "curve": [
    0,
    2,
    3,
    3,
    3,
    3,
    3,
    3,
    3,
    3,
    3,
    3,
    3,
    3,
    3,
    3,
    3,
    3,
    3,
    3
   ],
   "EN_sem": 6,
   "AER_sem": 0.15,
   "curve_sem": [
    3,
    5,
    6,
    6,
    6,
    6,
    6,
    6,
    6,
    6,
    6,
    6,
    6,
    6,
    6,
    6,
    6,
    6,
    6,
    6
   ]
  },
  "split": {
   "EN": 2,
   "RN": 4,
   "EE": 0.03333333333333333,
   "CER": 0.05,
   "AER": 0.05,
   "curve": [
    0,
    2,
    2,
    2,
    2,
    2,
    2,
    2,
    2,
    2,
    2,
    2,
    2,
    2,
    2,
    2,
    2,
    2,
    2,
    2
   ],
   "EN_sem": 2,
   "AER_sem": 0.1,
   "curve_sem": [
    0,
    2,
    2,
    2,
    2,
    2,
    2,
    2,
    2,
    2,
    2,
    2,
    2,
    2,
    2,
    2,
    2,
    2,
    2,
    2
   ]
  },
  "poison": {
   "farplain": 90.0,
   "split": 88.33333333333333
  },
  "L": 126,
  "meanbaitsep": null,
  "vfrac": [
   3,
   2,
   1,
   0,
   0,
   0,
   0,
   0,
   1,
   0,
   0,
   0,
   0,
   0,
   0,
   0,
   0,
   0,
   0,
   0
  ]
 }
}