{
 "ehragent": {
  "static": {
   "EN": 50,
   "RN": 55,
   "EE": 0.4166666666666667,
   "CER": 0.7666666666666667,
   "AER": 0.8
  },
  "dynamic": {
   "EN": 10,
   "RN": 13,
   "EE": 0.08333333333333333,
   "CER": 0.2,
   "AER": 0.2
  },
  "poison_static": 0.0,
  "poison_dynamic": 0.8666666666666667,
  "vf_static": [
   4,
   4,
   4,
   4,
   4,
   4,
   4,
   4,
   4,
   4,
   4,
   4,
   4,
   4,
   4,
   4,
   4,
   4,
   4,
   4,
   4,
   4,
   4,
   4,
   4,
   4,
   4,
   4,
   4,
   4
  ],
  "vf_dynamic": [
   4,
   3,
   2,
   1,
   2,
   2,
   1,
   0,
   0,
   1,
   0,
   0,
   0,
   0,
   0,
   0,
   0,
   0,
   0,
   0,
   0,
   0,
   0,
   0,
   0,
   0,
   0,
   0,
   0,
   0
  ]
 },
 "rap": {
  "static": {
   "EN": 0,
   "RN": 28,
   "EE": 0.0,
   "CER": 0.0,
   "AER": 0.0,
   "EN_sem": 13,
   "EE_sem": 0.14444444444444443,
   "AER_sem": 0.43333333333333335
  },
  "dynamic": {
   "EN": 0,
   "RN": 5,
   "EE": 0.0,
   "CER": 0.0,
   "AER": 0.0,
   "EN_sem": 3,
   "EE_sem": 0.03333333333333333,
   "AER_sem": 0.03333333333333333
  },
  "poison_static": 0.0,
  "poison_dynamic": 0.9333333333333333,
  "vf_static": [
   3,
   3,
   3,
   3,
   3,
   3,
   3,
   3,
   3,
   3,
   3,
   3,
   3,
   3,
   3,
   3,
   3,
   3,
   3,
   3,
   3,
   3,
   3,
   3,
   3,
   3,
   3,
   3,
   3,
   3
  ],
  "vf_dynamic": [
   3,
   2,
   1,
   0,
   0,
   0,
   0,
   0,
   0,
   0,
   0,
   0,
   0,
   0,
   0,
   0,
   0,
   0,
   0,
   0,
   0,
   0,
   0,
   0,
   0,
   0,
   0,
   0,
   0,
   0
  ]
 }
}